roi_id,mode,bin,D,R_mean,R_std,R_q05,R_q95,sigma_mean,sigma_std
new51_pz_tumor,free,0,0.25,0.2234846745620839,0.017266535684010525,0.1929914877039305,0.24602088552430898,0.005729848972231996,0.0015051109985190715
new51_pz_tumor,free,1,0.5,0.03747045976564499,0.033800838953541586,0.0021936957537058337,0.1028315497094383,0.005729848972231996,0.0015051109985190715
new51_pz_tumor,free,2,0.75,0.041061344239456704,0.03473840114413085,0.0024927775508168074,0.11104558434129817,0.005729848972231996,0.0015051109985190715
new51_pz_tumor,free,3,1.0,0.05314993854932305,0.04310286546351917,0.0032992071819835057,0.1369948175838442,0.005729848972231996,0.0015051109985190715
new51_pz_tumor,free,4,1.5,0.131737548908762,0.09152912366125539,0.011748347546036843,0.3030920987441673,0.005729848972231996,0.0015051109985190715
new51_pz_tumor,free,5,2.0,0.25239774976022655,0.13411576887941068,0.030722679508991994,0.45818297459179114,0.005729848972231996,0.0015051109985190715
new51_pz_tumor,free,6,3.0,0.14934143338508815,0.09332547048552019,0.01704476864640771,0.31740202705227244,0.005729848972231996,0.0015051109985190715
new51_pz_tumor,free,7,20.0,0.11135685082941385,0.02115111279761983,0.0741221439233041,0.14326288539385604,0.005729848972231996,0.0015051109985190715
new51_pz_tumor,fixed_formula,0,0.25,0.23025422666588494,0.01261405020972993,0.206954695510943,0.2479227807826799,0.0040666285422027,0.0
new51_pz_tumor,fixed_formula,1,0.5,0.02987297478534699,0.02608941168606406,0.001813741300847844,0.08258645922483256,0.0040666285422027,0.0
new51_pz_tumor,fixed_formula,2,0.75,0.03225292233896458,0.026985460916398932,0.0019515482699306295,0.08482146525147959,0.0040666285422027,0.0
new51_pz_tumor,fixed_formula,3,1.0,0.04619701340564767,0.0374243618780865,0.0031513576817453494,0.12067022616321832,0.0040666285422027,0.0
new51_pz_tumor,fixed_formula,4,1.5,0.14586732055489307,0.09871933906606338,0.011165090413827147,0.3307384976008367,0.0040666285422027,0.0
new51_pz_tumor,fixed_formula,5,2.0,0.28426756304524425,0.13217256684271111,0.039373789174859626,0.47988943384485067,0.0040666285422027,0.0
new51_pz_tumor,fixed_formula,6,3.0,0.11505545053877157,0.07440766776118522,0.011150819232427138,0.24583162290525362,0.0040666285422027,0.0
new51_pz_tumor,fixed_formula,7,20.0,0.11623252866524676,0.015294337456495267,0.08974014387930293,0.14038311557839667,0.0040666285422027,0.0
new51_pz_tumor,fixed_residual,0,0.25,0.2045492264274096,0.02671959955072825,0.1539649333693437,0.2414627289678415,0.0109834603364873,0.0
new51_pz_tumor,fixed_residual,1,0.5,0.06197025742921767,0.05110582207346634,0.004805252256466347,0.16503174845516286,0.0109834603364873,0.0
new51_pz_tumor,fixed_residual,2,0.75,0.056739969382387,0.04856696465516818,0.0032040953527790596,0.1552662299049576,0.0109834603364873,0.0
new51_pz_tumor,fixed_residual,3,1.0,0.06465581557915391,0.0532330768784756,0.0038775778401418325,0.17003070863323594,0.0109834603364873,0.0
new51_pz_tumor,fixed_residual,4,1.5,0.11249233093135583,0.08685414455939701,0.007364754705077971,0.28225186307792904,0.0109834603364873,0.0
new51_pz_tumor,fixed_residual,5,2.0,0.1820429683481417,0.12312189385264459,0.014013409923176812,0.4037912565654889,0.0109834603364873,0.0
new51_pz_tumor,fixed_residual,6,3.0,0.21358348015593412,0.11313931121139628,0.03443471221129668,0.40794966837834984,0.0109834603364873,0.0
new51_pz_tumor,fixed_residual,7,20.0,0.10396595174640008,0.03606669351671541,0.041227755292338804,0.1615513983590626,0.0109834603364873,0.0
new55_pz_tumor,free,0,0.25,0.5082006995014545,0.022388079703910595,0.46770146636356597,0.5393258142604831,0.007954640979090766,0.001845414990093222
new55_pz_tumor,free,1,0.5,0.05535606743353346,0.04459744958263452,0.003344561529964116,0.14125443607817903,0.007954640979090766,0.001845414990093222
new55_pz_tumor,free,2,0.75,0.048329504458472734,0.03824962600565211,0.0031744262805122703,0.12352040594254113,0.007954640979090766,0.001845414990093222
new55_pz_tumor,free,3,1.0,0.05143007945355944,0.041005626044597614,0.003083124196954335,0.12996087870438278,0.007954640979090766,0.001845414990093222
new55_pz_tumor,free,4,1.5,0.06688363202128664,0.051921340237444165,0.0038627017848468603,0.16923320034293673,0.007954640979090766,0.001845414990093222
new55_pz_tumor,free,5,2.0,0.07907369698586365,0.05767185460981304,0.006566350263436234,0.18557637493347467,0.007954640979090766,0.001845414990093222
new55_pz_tumor,free,6,3.0,0.09239198125117724,0.056560876347414676,0.011347752686479428,0.19366277643792962,0.007954640979090766,0.001845414990093222
new55_pz_tumor,free,7,20.0,0.09833433889465246,0.02284312022793611,0.060469006285608,0.13417216091849038,0.007954640979090766,0.001845414990093222
new55_pz_tumor,fixed_formula,0,0.25,0.5308167325053875,0.0033092021564401844,0.5249717446944335,0.535657200805132,0.0008137042635964,0.0
new55_pz_tumor,fixed_formula,1,0.5,0.007293788130611906,0.0073146324095606525,0.0003279436942817675,0.021587354893861637,0.0008137042635964,0.0
new55_pz_tumor,fixed_formula,2,0.75,0.01678799702128087,0.016193381920838305,0.0009202811933916298,0.04939928954595747,0.0008137042635964,0.0
new55_pz_tumor,fixed_formula,3,1.0,0.1407097279026923,0.033798965493091825,0.07635793131830558,0.18725909330762214,0.0008137042635964,0.0
new55_pz_tumor,fixed_formula,4,1.5,0.0614260301839659,0.03600376379009111,0.00802974868455323,0.1257638608924446,0.0008137042635964,0.0
new55_pz_tumor,fixed_formula,5,2.0,0.02485160861313282,0.022620906846271424,0.0014946716746999573,0.07049718242320357,0.0008137042635964,0.0
new55_pz_tumor,fixed_formula,6,3.0,0.12313703914066268,0.018914894285335562,0.09080441523392363,0.15193484091808696,0.0008137042635964,0.0
new55_pz_tumor,fixed_formula,7,20.0,0.09497707650226642,0.003989647483278832,0.08854694159359727,0.10177338154860906,0.0008137042635964,0.0
new55_pz_tumor,fixed_residual,0,0.25,0.4978342130337432,0.031141236743595674,0.4407152482085863,0.5432912588713685,0.0148756959249378,0.0
new55_pz_tumor,fixed_residual,1,0.5,0.06688975856591022,0.05521741726704119,0.0045038492483639,0.17756075616406036,0.0148756959249378,0.0
new55_pz_tumor,fixed_residual,2,0.75,0.05462885104280059,0.0453075442510221,0.0036032366493128167,0.14669899730523525,0.0148756959249378,0.0
new55_pz_tumor,fixed_residual,3,1.0,0.05337551077917245,0.044213210164671356,0.0035048928122503324,0.14353938614125872,0.0148756959249378,0.0
new55_pz_tumor,fixed_residual,4,1.5,0.0628517856481505,0.050785342127009046,0.003997794369924171,0.1612787284463809,0.0148756959249378,0.0
new55_pz_tumor,fixed_residual,5,2.0,0.07347104376268539,0.05737689824996134,0.004440575032247207,0.1867903219763456,0.0148756959249378,0.0
new55_pz_tumor,fixed_residual,6,3.0,0.09376177191635031,0.0626459257171,0.00901238996917936,0.2081872144599652,0.0148756959249378,0.0
new55_pz_tumor,fixed_residual,7,20.0,0.09718706525118734,0.0351893739768539,0.038058682411647185,0.15529618348703883,0.0148756959249378,0.0
new35_pz_normal,free,0,0.25,0.07212934271749188,0.0034346390233975684,0.06591589726396838,0.07697980191685627,0.0006489507750160362,0.0001807820686997644
new35_pz_normal,free,1,0.5,0.010825509300960493,0.008487232896961794,0.0008682324699915891,0.02740869280339373,0.0006489507750160362,0.0001807820686997644
new35_pz_normal,free,2,0.75,0.011081755499359986,0.00897085974249011,0.0006168340975679304,0.028966068261603826,0.0006489507750160362,0.0001807820686997644
new35_pz_normal,free,3,1.0,0.016263814634141515,0.012928054493772136,0.0012516756189799609,0.04083947337657114,0.0006489507750160362,0.0001807820686997644
new35_pz_normal,free,4,1.5,0.05399456531324681,0.04375289794595509,0.0031326441022338043,0.13467708941578468,0.0006489507750160362,0.0001807820686997644
new35_pz_normal,free,5,2.0,0.3986091631148332,0.06215322087210767,0.28923656883996063,0.478496412853353,0.0006489507750160362,0.0001807820686997644
new35_pz_normal,free,6,3.0,0.39577619561761945,0.03012672961792011,0.35401946317484473,0.4464827562838037,0.0006489507750160362,0.0001807820686997644
new35_pz_normal,free,7,20.0,0.04131965380234695,0.003858420336403703,0.034732162974869696,0.04732020956289207,0.0006489507750160362,0.0001807820686997644
new35_pz_normal,fixed_formula,0,0.25,0.06532565155004037,0.007476740463473034,0.05161879479894255,0.07562447629199177,0.0023036491348836,0.0
new35_pz_normal,fixed_formula,1,0.5,0.017186135334198865,0.014652830060506215,0.0009863401419623375,0.046637454570958366,0.0023036491348836,0.0
new35_pz_normal,fixed_formula,2,0.75,0.017769107829967584,0.01565537473227579,0.0009200184234500878,0.04986552653104964,0.0023036491348836,0.0
new35_pz_normal,fixed_formula,3,1.0,0.024690156753542164,0.02100457058179374,0.0012542688495135199,0.06686687378207362,0.0023036491348836,0.0
new35_pz_normal,fixed_formula,4,1.5,0.07853181128294222,0.06376900139808027,0.004968368383103534,0.20457649005960582,0.0023036491348836,0.0
new35_pz_normal,fixed_formula,5,2.0,0.29979361423910705,0.10879938797376498,0.09759991527623843,0.4585086692476587,0.0023036491348836,0.0
new35_pz_normal,fixed_formula,6,3.0,0.4639170167852123,0.06659118065774479,0.35899862884195904,0.5773645749898686,0.0023036491348836,0.0
new35_pz_normal,fixed_formula,7,20.0,0.03278650622498876,0.011423005617845424,0.014191279079710278,0.05185668640758947,0.0023036491348836,0.0
new35_pz_normal,fixed_residual,0,0.25,0.03498558785556933,0.019297361695807588,0.005365676825787763,0.06701059817499712,0.0161637665129859,0.0
new35_pz_normal,fixed_residual,1,0.5,0.04138432964643308,0.03215749244677788,0.0026826505033763037,0.10374180861762006,0.0161637665129859,0.0
new35_pz_normal,fixed_residual,2,0.75,0.045535657026092795,0.03973828153903525,0.0025341310122424777,0.12338498552937345,0.0161637665129859,0.0
new35_pz_normal,fixed_residual,3,1.0,0.05631039714687028,0.04900073730738842,0.003437146809542854,0.15433674257190647,0.0161637665129859,0.0
new35_pz_normal,fixed_residual,4,1.5,0.09638364320496362,0.07691959039174155,0.006782682839083834,0.2507779121051566,0.0161637665129859,0.0
new35_pz_normal,fixed_residual,5,2.0,0.19647834632834008,0.1399168613192816,0.015916118681400616,0.46643898256211613,0.0161637665129859,0.0
new35_pz_normal,fixed_residual,6,3.0,0.46683014053683725,0.13683526053261494,0.21562112581835563,0.6637237021427332,0.0161637665129859,0.0
new35_pz_normal,fixed_residual,7,20.0,0.0620918982548934,0.04070123081142248,0.006123325126244567,0.14011793794388108,0.0161637665129859,0.0
new47_tz_tumor,free,0,0.25,0.07049356481493216,0.02376180460726181,0.02721086939360592,0.10498988597264008,0.005722486357088318,0.0014208324495782617
new47_tz_tumor,free,1,0.5,0.07877215362242664,0.059894408114078874,0.00577089275104732,0.1944056235041154,0.005722486357088318,0.0014208324495782617
new47_tz_tumor,free,2,0.75,0.10481474549137988,0.07646546031191724,0.00889816665206543,0.2507564694658685,0.005722486357088318,0.0014208324495782617
new47_tz_tumor,free,3,1.0,0.16006110527509904,0.10518614805243674,0.01571809414814284,0.3473646190465306,0.005722486357088318,0.0014208324495782617
new47_tz_tumor,free,4,1.5,0.23129316102465933,0.12629460507563525,0.027149237331185568,0.4425268257906037,0.005722486357088318,0.0014208324495782617
new47_tz_tumor,free,5,2.0,0.12671083638193645,0.08896665158799424,0.010096348532232052,0.29453495742001223,0.005722486357088318,0.0014208324495782617
new47_tz_tumor,free,6,3.0,0.06508488264045904,0.052867610152161425,0.00562371461343689,0.16849507766400704,0.005722486357088318,0.0014208324495782617
new47_tz_tumor,free,7,20.0,0.16276955074910687,0.017702997088516113,0.13100838057364578,0.19006151178877623,0.005722486357088318,0.0014208324495782617
new47_tz_tumor,fixed_formula,0,0.25,0.0946081296051541,0.012746376121314499,0.07041875980757555,0.1118128365456987,0.0021629522817435,0.0
new47_tz_tumor,fixed_formula,1,0.5,0.041378327206952885,0.034958018774538656,0.002730241417547148,0.11157048617436298,0.0021629522817435,0.0
new47_tz_tumor,fixed_formula,2,0.75,0.06439249850378219,0.05036481011379939,0.004198754294771954,0.16220896942979643,0.0021629522817435,0.0
new47_tz_tumor,fixed_formula,3,1.0,0.17307377487461345,0.09043733951664204,0.02513474090205726,0.32214393121741874,0.0021629522817435,0.0
new47_tz_tumor,fixed_formula,4,1.5,0.3629521160531102,0.09677235323422109,0.18352791781619424,0.4970864681012929,0.0021629522817435,0.0
new47_tz_tumor,fixed_formula,5,2.0,0.062029741946044756,0.053206020096070915,0.003502193923976081,0.16772961654740504,0.0021629522817435,0.0
new47_tz_tumor,fixed_formula,6,3.0,0.02456020719994441,0.021247119077428187,0.001427904881501339,0.06692397704010183,0.0021629522817435,0.0
new47_tz_tumor,fixed_formula,7,20.0,0.1770052046103976,0.0070420940510006825,0.1650025361626355,0.18774953308567988,0.0021629522817435,0.0
new47_tz_tumor,fixed_residual,0,0.25,0.06299623164999738,0.026305070196513073,0.015291724475306925,0.10319539074508867,0.007420728791475,0.0
new47_tz_tumor,fixed_residual,1,0.5,0.09053476366571767,0.06532542392410663,0.007114626858780249,0.21647801501599187,0.007420728791475,0.0
new47_tz_tumor,fixed_residual,2,0.75,0.1186880660710674,0.08583807946463541,0.00895641019365701,0.2820798207239252,0.007420728791475,0.0
new47_tz_tumor,fixed_residual,3,1.0,0.15277747810847145,0.10451664803358128,0.013903743691495711,0.3452737175538194,0.007420728791475,0.0
new47_tz_tumor,fixed_residual,4,1.5,0.19554889577989398,0.12482114103037814,0.018573824941336217,0.41521679057965766,0.007420728791475,0.0
new47_tz_tumor,fixed_residual,5,2.0,0.13907456949124591,0.09454054873204158,0.012934216200563444,0.3151731553424798,0.007420728791475,0.0
new47_tz_tumor,fixed_residual,6,3.0,0.0834729365044723,0.06345940149969113,0.005788786058634534,0.21073962184744022,0.007420728791475,0.0
new47_tz_tumor,fixed_residual,7,20.0,0.15690705872913374,0.021822506703093006,0.11967684953133197,0.1908082912269184,0.007420728791475,0.0
new61_tz_normal,free,0,0.25,0.06504810707523961,0.012962900567112473,0.04052192595116863,0.08284179235312752,0.0021605524359185574,0.0005836922555290112
new61_tz_normal,free,1,0.5,0.0447152892974645,0.03459324544802914,0.0028799407045298295,0.11253770061985953,0.0021605524359185574,0.0005836922555290112
new61_tz_normal,free,2,0.75,0.054611932506870485,0.03953292180201245,0.004114693529862175,0.1300230561259294,0.0021605524359185574,0.0005836922555290112
new61_tz_normal,free,3,1.0,0.08223547900738881,0.058275811758784116,0.007123713077784695,0.1926465510336542,0.0021605524359185574,0.0005836922555290112
new61_tz_normal,free,4,1.5,0.16443780956346288,0.10034928029092005,0.016318173407754637,0.3304883190009354,0.0021605524359185574,0.0005836922555290112
new61_tz_normal,free,5,2.0,0.202867497485027,0.12855509430600084,0.015583432272834158,0.4247248726600005,0.0021605524359185574,0.0005836922555290112
new61_tz_normal,free,6,3.0,0.3305457851412571,0.06844835888525659,0.2103564625504222,0.4311982122309021,0.0021605524359185574,0.0005836922555290112
new61_tz_normal,free,7,20.0,0.05553809992328964,0.010883543405859852,0.037667624583568496,0.07316651221391152,0.0021605524359185574,0.0005836922555290112
new61_tz_normal,fixed_formula,0,0.25,0.06663742565011462,0.011748861131012731,0.04378700499307884,0.08265230714139034,0.0016601941503058,0.0
new61_tz_normal,fixed_formula,1,0.5,0.04215384552493689,0.033133124886108554,0.0028395932723488076,0.1090873919994604,0.0016601941503058,0.0
new61_tz_normal,fixed_formula,2,0.75,0.05173845448225857,0.03974102937209144,0.0029489194206196875,0.12896310059781316,0.0016601941503058,0.0
new61_tz_normal,fixed_formula,3,1.0,0.08442816766624016,0.05844338360853762,0.0067852807244170674,0.19633979243442537,0.0016601941503058,0.0
new61_tz_normal,fixed_formula,4,1.5,0.17236598329604924,0.101660112902241,0.020349509509184512,0.3407431720887854,0.0016601941503058,0.0
new61_tz_normal,fixed_formula,5,2.0,0.1958832109674531,0.12437420155798536,0.019320638472281132,0.41637115346662756,0.0016601941503058,0.0
new61_tz_normal,fixed_formula,6,3.0,0.33090735042513086,0.060912163831377285,0.22024245544416443,0.4217779240516941,0.0016601941503058,0.0
new61_tz_normal,fixed_formula,7,20.0,0.05588556198781619,0.008985897399106399,0.041055679052637406,0.0706494854269591,0.0016601941503058,0.0
new61_tz_normal,fixed_residual,0,0.25,0.0506528277159566,0.023580959305171574,0.010383690110866352,0.08828657329562424,0.0104512929251057,0.0
new61_tz_normal,fixed_residual,1,0.5,0.06517898130078258,0.04688049596113554,0.00549004748197658,0.15536168251030955,0.0104512929251057,0.0
new61_tz_normal,fixed_residual,2,0.75,0.06926644223335167,0.056876311547468146,0.003578674145564773,0.18481847724321693,0.0104512929251057,0.0
new61_tz_normal,fixed_residual,3,1.0,0.07871662670351685,0.06280034013416763,0.00566755188982079,0.2028390592309444,0.0104512929251057,0.0
new61_tz_normal,fixed_residual,4,1.5,0.1268693652440893,0.09772632892427634,0.00913157640339014,0.31965622905081165,0.0104512929251057,0.0
new61_tz_normal,fixed_residual,5,2.0,0.22781027664303183,0.15474499471840591,0.018090561356930383,0.5191919253297482,0.0104512929251057,0.0
new61_tz_normal,fixed_residual,6,3.0,0.31942806263150386,0.13043232681861255,0.07969224234838888,0.5159763977048327,0.0104512929251057,0.0
new61_tz_normal,fixed_residual,7,20.0,0.06207741752776658,0.03371006358070377,0.008799313616404587,0.11990681900575066,0.0104512929251057,0.0
