zone,n,feature,rho_unconditional,p_unconditional,rho_partial_given_adc,p_partial_given_adc,partial_ci_lo,partial_ci_hi,rho_adc_vs_ggg,p_adc_vs_ggg
pooled,29,nuts_D_0.25,0.43689783236992713,0.017799572406751302,-0.08792474838846236,0.6563880647483957,-0.4425100890215401,0.3549098279312804,-0.5462518568421153,0.0021722968528588306
pooled,29,nuts_D_0.50,0.5651685482792475,0.0014004113698141431,0.42031561278144974,0.025947260407141348,0.006709428118306088,0.6757772357920047,-0.5462518568421153,0.0021722968528588306
pooled,29,nuts_D_0.75,0.51204633259963,0.0045174412501176806,0.3625652659382217,0.0579417767769308,0.013217477667988468,0.5951863698546327,-0.5462518568421153,0.0021722968528588306
pooled,29,nuts_D_1.00,0.34490570277839444,0.06689762418305888,0.16963480096476166,0.38814977738127476,-0.16714857330248437,0.5034447459403245,-0.5462518568421153,0.0021722968528588306
pooled,29,nuts_D_1.50,-0.20782447304904011,0.2793387749616446,-0.23498927843190903,0.22870571996745492,-0.5988653733112357,0.17476405394944783,-0.5462518568421153,0.0021722968528588306
pooled,29,nuts_D_2.00,-0.473953816965953,0.009396002353753645,-0.23010067698062142,0.2388147112335699,-0.5281009769332766,0.06204131934449434,-0.5462518568421153,0.0021722968528588306
pooled,29,nuts_D_3.00,-0.15651618668531198,0.4174774774548601,0.2896135842609687,0.13494806072061394,-0.10078001883583253,0.5683575814757151,-0.5462518568421153,0.0021722968528588306
pooled,29,nuts_D_20.00,-0.25006311283332133,0.19077261454082556,-0.17436860415265282,0.3748467346440294,-0.5321451118071473,0.19651352779622533,-0.5462518568421153,0.0021722968528588306
pooled,29,nuts_std_D_0.25,0.4993488273884043,0.005819489581150696,0.3475634056680547,0.06994659688187643,-0.03690777062263887,0.6219981190563587,-0.5462518568421153,0.0021722968528588306
pooled,29,nuts_std_D_0.50,0.5662050793168985,0.001366091959789578,0.3990237109787254,0.0354276881143214,0.040381926971318635,0.6459074573641684,-0.5462518568421153,0.0021722968528588306
pooled,29,nuts_std_D_0.75,0.46151544451414017,0.01173241343259836,0.29603654233206844,0.12612118002455275,-0.00011868407144480488,0.5402325117284009,-0.5462518568421153,0.0021722968528588306
pooled,29,nuts_std_D_1.00,0.3511248890043009,0.061809810407153,0.20277376079412193,0.30073485510409714,-0.15911682651947595,0.5209641030299722,-0.5462518568421153,0.0021722968528588306
pooled,29,nuts_std_D_1.50,-0.13371250385698838,0.48924802427139,-0.10729863615168407,0.586814363414998,-0.4773439860492799,0.3167455076910885,-0.5462518568421153,0.0021722968528588306
pooled,29,nuts_std_D_2.00,-0.35863973902727114,0.05607068008269421,-0.023055910631394727,0.9072932550823705,-0.39428104290803334,0.36169793583487053,-0.5462518568421153,0.0021722968528588306
pooled,29,nuts_std_D_3.00,-0.24384392660741486,0.20240704111093022,0.22260713555344702,0.25487826643784883,-0.20187456370271892,0.5288419467823684,-0.5462518568421153,0.0021722968528588306
pooled,29,nuts_std_D_20.00,0.10676269687806049,0.5814798228450508,0.3136955361080704,0.10404020844183548,-0.06829418884128396,0.5880132901235475,-0.5462518568421153,0.0021722968528588306
pz,21,nuts_D_0.25,0.31936942112320676,0.15818745386208796,-0.15079431788008182,0.5256923616685727,-0.5157468064365006,0.3433273878194174,-0.4801069979082933,0.027614878614674085
pz,21,nuts_D_0.50,0.5755668688374276,0.006331075736680991,0.4789605998790729,0.03263156633682551,0.01708652014124704,0.7478315281765926,-0.4801069979082933,0.027614878614674085
pz,21,nuts_D_0.75,0.530644576635482,0.01332957527007828,0.4175623751847369,0.06696889410377471,-0.01792221248377381,0.7173975091074116,-0.4801069979082933,0.027614878614674085
pz,21,nuts_D_1.00,0.26953375321167344,0.23738394800748708,0.10422155813821585,0.6619113839524253,-0.3027949157194609,0.4800202136804707,-0.4801069979082933,0.027614878614674085
pz,21,nuts_D_1.50,-0.09195031685085735,0.6918032443254143,-0.2708564111639813,0.24806428089159605,-0.6529843505413797,0.21059549023354324,-0.4801069979082933,0.027614878614674085
pz,21,nuts_D_2.00,-0.44150190304724635,0.045109013312194884,-0.30269487028091985,0.19455700958019762,-0.704687217415594,0.07131026393769248,-0.4801069979082933,0.027614878614674085
pz,21,nuts_D_3.00,-0.08001783298471556,0.7302538437377628,0.3636056983292813,0.11505140665842473,-0.19160216399732113,0.6794674415455733,-0.4801069979082933,0.027614878614674085
pz,21,nuts_D_20.00,-0.03649936241408078,0.8751889860741628,0.04714532870989569,0.8435352661585094,-0.4043626054802482,0.5121737927873192,-0.4801069979082933,0.027614878614674085
pz,21,nuts_std_D_0.25,0.3678012674034294,0.10093054987699801,0.21925174527462873,0.35301415500032807,-0.30792723232764924,0.6117286711516653,-0.4801069979082933,0.027614878614674085
pz,21,nuts_std_D_0.50,0.5425770605016239,0.011044078807228071,0.41559903094475004,0.06839556400159519,-0.008763874401426772,0.6870911009912549,-0.4801069979082933,0.027614878614674085
pz,21,nuts_std_D_0.75,0.47378980056739467,0.03003266330408337,0.3320675503598524,0.15260368572045047,-0.058276615826647823,0.636035925297499,-0.4801069979082933,0.027614878614674085
pz,21,nuts_std_D_1.00,0.3327057266206594,0.14057513660955734,0.18426406921265592,0.43675272764033446,-0.24416973911762963,0.6023405857989843,-0.4801069979082933,0.027614878614674085
pz,21,nuts_std_D_1.50,0.028778343441871385,0.9014509385230185,-0.09937361954765038,0.6768018075723132,-0.5557571963975345,0.42052955584282115,-0.4801069979082933,0.027614878614674085
pz,21,nuts_std_D_2.00,-0.28637961278740304,0.20818970308717652,-0.10171955362162885,0.6695814483512463,-0.6085269692642644,0.31017999878713026,-0.4801069979082933,0.027614878614674085
pz,21,nuts_std_D_3.00,-0.16284330923205273,0.4806380474862406,0.22322373719455163,0.344138601240054,-0.3513853093141642,0.6480624382235453,-0.4801069979082933,0.027614878614674085
pz,21,nuts_std_D_20.00,0.21408279877489686,0.3514168160047425,0.37580193023929725,0.10248518728973965,-0.0824596599505724,0.6948236970665183,-0.4801069979082933,0.027614878614674085
tz,8,nuts_D_0.25,0.5646829085612719,0.1447623093054763,-0.01795473928516354,0.969524000771105,-0.6683774902473355,0.8575571210607112,-0.6137857701752955,0.10552589403223339
tz,8,nuts_D_0.50,0.3068928850876477,0.4596851913195994,-0.021730751949042018,0.9631174395925926,-0.9282325868969419,0.9355285539274979,-0.6137857701752955,0.10552589403223339
tz,8,nuts_D_0.75,-0.03682714621051773,0.9310115084540986,-0.12124298520286204,0.7956809991158886,-0.9943379534781768,0.9345225331892475,-0.6137857701752955,0.10552589403223339
tz,8,nuts_D_1.00,-0.20868716185960046,0.6199236393861473,-0.20933906425424725,0.6523505005113166,-0.9954039000135863,0.7225300612714973,-0.6137857701752955,0.10552589403223339
tz,8,nuts_D_1.50,-0.6137857701752955,0.10552589403223339,-0.12141932408851787,0.7953882230164402,-0.8351207541699459,0.7289833516498382,-0.6137857701752955,0.10552589403223339
tz,8,nuts_D_2.00,-0.15958430024557682,0.7058208200215368,0.38859356882965335,0.3889623835946274,-0.6335812575248003,0.9334959833426552,-0.6137857701752955,0.10552589403223339
tz,8,nuts_D_3.00,0.19641144645609454,0.6410902415841975,0.5147079146189414,0.23719226836955132,-0.6089239621599172,0.9941676120778021,-0.6137857701752955,0.10552589403223339
tz,8,nuts_D_20.00,-0.7610943550173663,0.02827313252875805,-0.5709607092682002,0.1806412290896089,-0.9999999999999999,0.6047298953191022,-0.6137857701752955,0.10552589403223339
tz,8,nuts_std_D_0.25,0.23323859266661226,0.5782790921913368,0.20433393681040646,0.6603080504700634,-0.957194287458362,0.9861200957940562,-0.6137857701752955,0.10552589403223339
tz,8,nuts_std_D_0.50,0.23323859266661226,0.5782790921913368,-0.02105314920933041,0.9642669841392042,-0.9175440168115118,0.8926121253455879,-0.6137857701752955,0.10552589403223339
tz,8,nuts_std_D_0.75,-0.03682714621051773,0.9310115084540986,-0.12124298520286204,0.7956809991158886,-0.9464007673998747,0.8470050025099954,-0.6137857701752955,0.10552589403223339
tz,8,nuts_std_D_1.00,-0.19641144645609454,0.6410902415841975,-0.12090201650932457,0.7962471647219087,-0.99211375888373,0.7670480372593852,-0.6137857701752955,0.10552589403223339
tz,8,nuts_std_D_1.50,-0.6137857701752955,0.10552589403223339,-0.12141932408851787,0.7953882230164402,-0.8658398159073584,0.7241114969043267,-0.6137857701752955,0.10552589403223339
tz,8,nuts_std_D_2.00,-0.15958430024557682,0.7058208200215368,0.38859356882965335,0.3889623835946274,-0.9601698171825959,0.926623232629546,-0.6137857701752955,0.10552589403223339
tz,8,nuts_std_D_3.00,-0.14730858484207093,0.727766103618572,0.3752393327363272,0.4068582184561478,-0.5974851681439103,0.8908708063747479,-0.6137857701752955,0.10552589403223339
tz,8,nuts_std_D_20.00,-0.33144431589465956,0.422555590022422,-0.014776911325348583,0.9749166749724936,-0.9334373990410898,0.894601581955316,-0.6137857701752955,0.10552589403223339
